80011,"1008 GARRISON AVENUE, BRONX NY 10474",6,40.8188439,-73.889989555556
25654,"162 MOTT STREET, MANHATTAN NY 10013",6,40.71962525,-73.9960098350383
57765,"1200 COLLEGE AVENUE, BRONX NY 10456",6,40.8325221,-73.9132207446764
651901,"40-71 ELBERTSON STREET, QUEENS NY 11373",6,40.74724235,-73.8772957839934
66847,"690 EAST 189th STREET, BRONX NY 10458",6,40.8560427,-73.8835394
183729,"601 ALBANY AVENUE, BROOKLYN NY 11203",6,40.65975735,-73.9394040519987
81801,"2314 GRAND CONCOURSE, BRONX NY 10458",6,40.8577916,-73.8993484
228674,"826 CROWN STREET, BROOKLYN NY 11213",6,40.66489465,-73.9298485732824
93750,"679 MAGENTA STREET, BRONX NY 10467",6,40.8753974,-73.8679117
41398,"628 WEST 139th STREET, MANHATTAN NY 10031",6,40.8228508571429,-73.9539405714286
241451,"526 EAST 9th STREET, BROOKLYN NY 11218",6,40.63580035,-73.9695122661508
806491,"545 EAST 144th STREET, BRONX NY 10454",6,40.8114292244898,-73.9158854285714
118956,"3003 WALLACE AVENUE, BRONX NY 10467",6,40.86990765,-73.8644728666629
417227,"34-15 31st AVENUE, QUEENS NY 11106",6,40.7631391,-73.9203683161579
92689,"2280 LORING PLACE NORTH, BRONX NY 10468",6,40.8611097,-73.9085931
51241,"2616 BRIGGS AVENUE, BRONX NY 10458",6,40.8646226,-73.8928063611449
66642,"771 EAST 185th STREET, BRONX NY 10460",6,40.85267265,-73.8826673607111
371604,"5301 SNYDER AVENUE, BROOKLYN NY 11203",6,40.6505618,-73.9269092919198
315714,"124 IRVING AVENUE, BROOKLYN NY 11237",6,40.7029612,-73.9215402
28030,"1583 ST NICHOLAS AVENUE, MANHATTAN NY 10040",6,40.8545004444444,-73.9300668888889
27202,"1795 RIVERSIDE DRIVE, MANHATTAN NY 10034",6,40.8664009,-73.9301477
70234,"654 EAST 224th STREET, BRONX NY 10466",6,40.88741735,-73.8625941208774
27993,"1460 ST NICHOLAS AVENUE, MANHATTAN NY 10033",6,40.8505874,-73.9325851
340087,"988 MONTGOMERY STREET, BROOKLYN NY 11213",6,40.664287631579,-73.9320304473684
419300,"30-86 32nd STREET, QUEENS NY 11102",6,40.76452435,-73.9226341020733
809577,"2828 REAR STILLWELL AVENUE, BROOKLYN NY 11224",6,40.57842415,-73.9823457
326558,"394 LINCOLN PLACE, BROOKLYN NY 11238",6,40.67270795,-73.963437441515
21263,"281 EDGECOMBE AVENUE, MANHATTAN NY 10031",6,40.82458925,-73.9436116147787
119328,"1064 WARD AVENUE, BRONX NY 10472",6,40.8261204,-73.8765575
5938,"462 AMSTERDAM AVENUE, MANHATTAN NY 10024",6,40.7853848,-73.9770675
78265,"1072 FINDLAY AVENUE, BRONX NY 10456",6,40.8295262,-73.9140426179637
63733,"522 EAST 149th STREET, BRONX NY 10455",6,40.81445565,-73.9144238985041
311311,"1366 HERKIMER STREET, BROOKLYN NY 11233",6,40.6772241,-73.9083663241693
40681,"509 WEST 134th STREET, MANHATTAN NY 10031",6,40.8187711,-73.9533499149326
264279,"85 EAST 43rd STREET, BROOKLYN NY 11203",6,40.6539152,-73.9371589925596
347190,"1233 OCEAN AVENUE, BROOKLYN NY 11230",6,40.6322625,-73.9571857351704
804021,"408 AUDUBON AVENUE, MANHATTAN NY 10033",6,40.8516473,-73.930558545738
92396,"1145 LONGFELLOW AVENUE, BRONX NY 10459",6,40.82764775,-73.8882499251274
139136,"5601 14th AVENUE, BROOKLYN NY 11219",6,40.62943515,-73.9939288858912
59155,"2055 CRESTON AVENUE, BRONX NY 10453",6,40.8532027,-73.9045615
1152,"2026 2nd AVENUE, MANHATTAN NY 10029",6,40.78937785,-73.94301815
97590,"2494 MORRIS AVENUE, BRONX NY 10468",6,40.8630852,-73.8992495
880929,"270 EAST BURNSIDE AVENUE, BRONX NY 10457",6,40.8511234,-73.9022315200791
122222,"1491 WESTCHESTER AVENUE, BRONX NY 10472",6,40.82873815,-73.8806397255532
91988,"2208 LIGHT STREET, BRONX NY 10466",6,40.88766255,-73.8319619978528
676694,"60-30 MADISON STREET, QUEENS NY 11385",6,40.70643,-73.8990690064221
66704,"523 EAST 187th STREET, BRONX NY 10458",6,40.85713705,-73.8901452911379
107087,"3182 ROCHAMBEAU AVENUE, BRONX NY 10467",6,40.8757183,-73.8804113
226104,"143 CORNELIA STREET, BROOKLYN NY 11221",6,40.69108485,-73.9149365617056
249595,"657 EAST 21st STREET, BROOKLYN NY 11226",6,40.6378009,-73.9573578363407
121528,"226 WEST 238th STREET, BRONX NY 10463",6,40.8848004,-73.9001124
301760,"27 GRACE COURT, BROOKLYN NY 11201",6,40.6945065,-73.9978042357604
108597,"3605 SEDGWICK AVENUE, BRONX NY 10463",6,40.8814349,-73.8967051
318475,"141 JORALEMON STREET, BROOKLYN NY 11201",6,40.69315525,-73.9937237686952
89829,"2907 KINGSBRIDGE TERRACE, BRONX NY 10463",6,40.8755177,-73.9023268
361644,"6823 RIDGE BOULEVARD, BROOKLYN NY 11220",6,40.63677295,-74.0282573620435
859472,"2261 BASSFORD AVENUE, BRONX NY 10457",6,40.85476645,-73.8928778120336
42954,"505 WEST 162nd STREET, MANHATTAN NY 10032",6,40.8363763,-73.9404323
49307,"243 BEDFORD PARK BOULEVARD, BRONX NY 10458",6,40.87119615,-73.8863058729776
348417,"241 OCEAN PARKWAY, BROOKLYN NY 11218",6,40.64396235,-73.9735609383721
147234,"122 33rd STREET, BROOKLYN NY 11232",6,40.6566898,-74.0042660918079
72058,"675 EAST 233rd STREET, BRONX NY 10466",6,40.89393205,-73.8581012791242
85940,"3034 HOLLAND AVENUE, BRONX NY 10467",6,40.87065165,-73.8649745555941
85943,"3042 HOLLAND AVENUE, BRONX NY 10467",6,40.8708445,-73.8649686401507
29051,"61 WADSWORTH AVENUE, MANHATTAN NY 10033",6,40.8467549,-73.9370271
469247,"34-57 72nd STREET, QUEENS NY 11372",6,40.7509922,-73.8938831
63262,"528 EAST 142nd STREET, BRONX NY 10454",6,40.809874,-73.9168317879137
24083,"1982 LEXINGTON AVENUE, MANHATTAN NY 10035",6,40.801964,-73.939303
43669,"590 WEST 204th STREET, MANHATTAN NY 10034",6,40.8648665,-73.9219144
56943,"1420 CLAY AVENUE, BRONX NY 10456",6,40.8373029,-73.9076248640351
91399,"1015 LEGGETT AVENUE, BRONX NY 10455",6,40.81422285,-73.899315943605
49302,"222 BEDFORD PARK BOULEVARD, BRONX NY 10458",6,40.87132175,-73.8872982774787
56813,"1139 CLAY AVENUE, BRONX NY 10456",6,40.83057915,-73.9118829934418
51372,"3021 BRIGGS AVENUE, BRONX NY 10458",6,40.8727878,-73.8835165
338083,"707 MILLER AVENUE, BROOKLYN NY 11207",6,40.6631687,-73.8883513486857
111946,"1154 STRATFORD AVENUE, BRONX NY 10472",6,40.8281871,-73.874952825651
107713,"2031 RYER AVENUE, BRONX NY 10457",6,40.85143165,-73.9015624946198
65643,"1670 EAST 174th STREET, BRONX NY 10472",6,40.83411735,-73.8731205426755
301253,"3201 GLENWOOD ROAD, BROOKLYN NY 11210",6,40.6342552,-73.945586
356704,"1308 PROSPECT PLACE, BROOKLYN NY 11213",6,40.6732863,-73.9332035
352210,"263 PARKSIDE AVENUE, BROOKLYN NY 11226",6,40.6545098,-73.9628063
376363,"1310 STERLING PLACE, BROOKLYN NY 11213",6,40.67147895,-73.9352328077775
457400,"70-15 65th PLACE, QUEENS NY 11385",6,40.7035514,-73.88997515
59889,"2129 CROTONA AVENUE, BRONX NY 10457",6,40.850309,-73.886436
242056,"15 STRATFORD ROAD, BROOKLYN NY 11218",6,40.6484513,-73.9693359283979
66541,"685 EAST 183rd STREET, BRONX NY 10458",6,40.8522319,-73.8859885
75996,"1171 ELDER AVENUE, BRONX NY 10472",6,40.8280134,-73.879420139727
85990,"3632 HOLLAND AVENUE, BRONX NY 10467",6,40.87957215,-73.863339142103
496777,"47-02 88th STREET, QUEENS NY 11373",6,40.7418887,-73.8780325
377662,"254 STOCKHOLM STREET, BROOKLYN NY 11237",6,40.7018255,-73.9202085291349
51040,"1158 BOYNTON AVENUE, BRONX NY 10472",6,40.8279742,-73.8777449926386
120635,"2421 WEBSTER AVENUE, BRONX NY 10458",6,40.859351962963,-73.8936675925926
380433,"300 SUYDAM STREET, BROOKLYN NY 11237",6,40.70283085,-73.9227278410329
106301,"3801 REVIEW PLACE, BRONX NY 10463",6,40.885017,-73.8997386
97949,"1155 MORRISON AVENUE, BRONX NY 10472",6,40.82825925,-73.8746415166744
22510,"110 HAMILTON PLACE, MANHATTAN NY 10031",6,40.8238015,-73.9495984
42316,"204 WEST 149th STREET, MANHATTAN NY 10039",6,40.82429,-73.938014537135
359929,"209 RALPH AVENUE, BROOKLYN NY 11233",6,40.6824462,-73.9223775844852
43446,"505 WEST 183rd STREET, MANHATTAN NY 10033",6,40.84973075,-73.9306037747962
213572,"604 BRISTOL STREET, BROOKLYN NY 11212",6,40.6561362,-73.9093303
71740,"667 EAST 232nd STREET, BRONX NY 10466",6,40.893277,-73.8588164001511
117077,"2381 VALENTINE AVENUE, BRONX NY 10458",6,40.8590338,-73.8974177
329132,"41 LOTT AVENUE, BROOKLYN NY 11212",6,40.657378,-73.9122712
92630,"2389 LORILLARD PLACE, BRONX NY 10458",6,40.85629305,-73.8895992986331
122136,"51 WEST MOSHOLU PARKWAY NORTH, BRONX NY 10467",6,40.88248745,-73.8846928238261
38554,"204 WEST 118th STREET, MANHATTAN NY 10026",6,40.80455625,-73.9522027442648
81661,"1188 GRAND CONCOURSE, BRONX NY 10456",6,40.8338461,-73.9179209
95695,"1307 MERRIAM AVENUE, BRONX NY 10452",6,40.8408213,-73.9262019
808155,"463 EAST 23rd STREET, BROOKLYN NY 11226",6,40.63878245,-73.9557495329843
21819,"452 FT WASHINGTON AVENUE, MANHATTAN NY 10033",6,40.850104,-73.9384398
354386,"2772 PITKIN AVENUE, BROOKLYN NY 11208",6,40.6755035,-73.8696716877487
693550,"157-11 SANFORD AVENUE, QUEENS NY 11355",6,40.7612778,-73.8082144382672
150315,"902 43rd STREET, BROOKLYN NY 11219",6,40.6434938,-73.9972811
41869,"545 WEST 144th STREET, MANHATTAN NY 10031",6,40.82545195,-73.9495537635259
66701,"518 EAST 187th STREET, BRONX NY 10458",6,40.8568125,-73.8904240208008
28918,"115 VERMILYEA AVENUE, MANHATTAN NY 10034",6,40.86613605,-73.9214635836875
119029,"1113 WALTON AVENUE, BRONX NY 10452",6,40.8329571578947,-73.920827368421
328801,"417 LORIMER STREET, BROOKLYN NY 11206",6,40.7093558,-73.9487444
60501,"2349 DAVIDSON AVENUE, BRONX NY 10468",6,40.86026845,-73.9041393509881
117064,"2335 VALENTINE AVENUE, BRONX NY 10458",6,40.8578869,-73.8980442696914
49347,"328 BEEKMAN AVENUE, BRONX NY 10454",6,40.80845265,-73.9136265335205
218998,"354 CHAUNCEY STREET, BROOKLYN NY 11233",6,40.68151185,-73.918175941327
104369,"1908 PROSPECT AVENUE, BRONX NY 10457",6,40.8433188,-73.8896242040371
60073,"2144 CROTONA PARKWAY, BRONX NY 10460",6,40.84718645,-73.8827196204116
98124,"57 MT HOPE PLACE, BRONX NY 10453",6,40.8491193636364,-73.9092281363636
220452,"4801 CHURCH AVENUE, BROOKLYN NY 11203",6,40.6517785,-73.9321892
107783,"2234 RYER AVENUE, BRONX NY 10457",6,40.85583895,-73.899325341429
241984,"829 EAST 10th STREET, BROOKLYN NY 11230",6,40.62886125,-73.9666517157719
312659,"78 HIGHLAND PLACE, BROOKLYN NY 11208",6,40.683671,-73.8818543333333
897609,"3055 3rd AVENUE, BRONX NY 10451",6,40.82048455,-73.9131257602427
355105,"1030 PRESIDENT STREET, BROOKLYN NY 11225",6,40.66841005,-73.9574042733366
353090,"381 PENNSYLVANIA AVENUE, BROOKLYN NY 11207",6,40.6681362,-73.8945602919649
357203,"560 PROSPECT PLACE, BROOKLYN NY 11238",6,40.67510625,-73.95809255
80046,"3424 GATES PLACE, BRONX NY 10467",6,40.8824869,-73.8836616116144
87235,"2104 HUGHES AVENUE, BRONX NY 10457",6,40.84910175,-73.8901198496329
5036,"3854 10th AVENUE, MANHATTAN NY 10034",6,40.863942,-73.919435
228652,"776 CROWN STREET, BROOKLYN NY 11213",6,40.66514,-73.931815
60462,"2021 DAVIDSON AVENUE, BRONX NY 10453",6,40.8532449,-73.9091848
372227,"119 SOUTH 4th STREET, BROOKLYN NY 11249",6,40.7121506315789,-73.9633648947368
48957,"1472 BEACH AVENUE, BRONX NY 10460",6,40.83720155,-73.8669556682982
44736,"808 ADEE AVENUE, BRONX NY 10467",6,40.86938415,-73.8629253980435
805326,"1466 ST NICHOLAS AVENUE, MANHATTAN NY 10033",6,40.85069005,-73.9323404451011
384660,"915 UTICA AVENUE, BROOKLYN NY 11203",6,40.6507594,-73.930030188547
27594,"189 SHERMAN AVENUE, MANHATTAN NY 10034",6,40.8650449,-73.9215781
67191,"391 EAST 198th STREET, BRONX NY 10458",6,40.8663928,-73.8860351160121
100828,"1920 OSBORNE PLACE, BRONX NY 10453",6,40.8553399,-73.915739642824
380699,"144 TAPSCOTT STREET, BROOKLYN NY 11212",6,40.664265,-73.920437760547
18440,"315 EAST 93rd STREET, MANHATTAN NY 10128",6,40.7820968,-73.9474681860836
227722,"403 CRESCENT STREET, BROOKLYN NY 11208",6,40.6789806,-73.870772
81863,"2676 GRAND CONCOURSE, BRONX NY 10458",6,40.866669,-73.8935169
118545,"2082 VYSE AVENUE, BRONX NY 10460",6,40.84335815,-73.8806776122838
97645,"2830 MORRIS AVENUE, BRONX NY 10468",6,40.87085785,-73.8932484975439
788578,"94 TROSSACH ROAD, STATEN ISLAND NY 10304",6,40.6278016,-74.0838865
114412,"2176 TIEBOUT AVENUE, BRONX NY 10457",6,40.8542919,-73.898373
187456,"2502 AVENUE D, BROOKLYN NY 11226",6,40.64045465,-73.953006089436
119330,"1114 WARD AVENUE, BRONX NY 10472",6,40.826588,-73.8766668
396459,"699 WILLOUGHBY AVENUE, BROOKLYN NY 11206",6,40.69501915,-73.941287096552
806618,"535 EAST 142nd STREET, BRONX NY 10454",6,40.81024365,-73.9167417181893
46082,"809 ARNOW AVENUE, BRONX NY 10467",6,40.8680341,-73.8628619492658
693450,"143-30 SANFORD AVENUE, QUEENS NY 11355",6,40.75821625,-73.822109252893
339940,"679 MONTGOMERY STREET, BROOKLYN NY 11213",6,40.6650415,-73.9422969
113491,"880 THIERIOT AVENUE, BRONX NY 10473",6,40.8232497,-73.8621814
73384,"717 EAST 242nd STREET, BRONX NY 10470",6,40.9057311,-73.8485583666943
95903,"1670 METROPOLITAN AVENUE, BRONX NY 10462",6,40.8404001626266,-73.8553449620983
94225,"2009 MAPES AVENUE, BRONX NY 10460",6,40.845055,-73.8872298
79591,"1300 FTELEY AVENUE, BRONX NY 10472",6,40.832299,-73.87215
119076,"1770 WALTON AVENUE, BRONX NY 10453",6,40.8476695,-73.9099450049562
354058,"1805 PITKIN AVENUE, BROOKLYN NY 11212",6,40.67056825,-73.9063847553422
288941,"308 ELLERY STREET, BROOKLYN NY 11206",6,40.6992759,-73.9399269364865
59240,"2564 CRESTON AVENUE, BRONX NY 10468",6,40.8645118,-73.8967979
376556,"1748 STERLING PLACE, BROOKLYN NY 11233",6,40.67071135,-73.9207755778178
65192,"624 EAST 169th STREET, BRONX NY 10456",6,40.8313163333333,-73.9011316666667
81669,"1236 GRAND CONCOURSE, BRONX NY 10456",6,40.8350771,-73.9166284009907
68363,"744 EAST 216th STREET, BRONX NY 10467",6,40.88075145,-73.8623188042384
381575,"252 TOMPKINS AVENUE, BROOKLYN NY 11216",6,40.697903,-73.946797
104327,"1388 PROSPECT AVENUE, BRONX NY 10459",6,40.8314767,-73.8964645727837
47849,"4188 BARNES AVENUE, BRONX NY 10466",6,40.8921698,-73.8544848
247562,"20 EAST 18th STREET, BROOKLYN NY 11226",6,40.65060475,-73.9635378559311
815232,"22-29 DIX AVENUE, QUEENS NY 11691",6,40.6063035,-73.7558625089535
309566,"525 HEGEMAN AVENUE, BROOKLYN NY 11207",6,40.659923,-73.8922467654307
73729,"263 EAST GUN HILL ROAD, BRONX NY 10467",6,40.8797917,-73.8754357
378847,"22 STUYVESANT AVENUE, BROOKLYN NY 11221",6,40.69585865,-73.9348449036091
323336,"273 LEE AVENUE, BROOKLYN NY 11206",6,40.6998642,-73.95338815
89719,"3052 KINGSBRIDGE AVENUE, BRONX NY 10463",6,40.8794398,-73.9067464
53581,"1120 BRYANT AVENUE, BRONX NY 10459",6,40.8269989,-73.8887381
217710,"1639 CARROLL STREET, BROOKLYN NY 11213",6,40.66636825,-73.9318534233344
60842,"2746 DECATUR AVENUE, BRONX NY 10458",6,40.86561435,-73.8876555165634
310621,"771 HENDRIX STREET, BROOKLYN NY 11207",6,40.6626008,-73.8857805050511
689554,"1647 PUTNAM AVENUE, QUEENS NY 11385",6,40.699475,-73.9078321973356
106762,"10 RICHMAN PLAZA, BRONX NY 10453",6,40.85117595,-73.9233792368954
81725,"1796 GRAND CONCOURSE, BRONX NY 10457",6,40.84661175,-73.9085146053235
309218,"181 HAWTHORNE STREET, BROOKLYN NY 11225",6,40.65785525,-73.9542739500749
44333,"115 WOOSTER STREET, MANHATTAN NY 10012",6,40.72502495,-74.0007093860736
386859,"649 VERMONT STREET, BROOKLYN NY 11207",6,40.6632686,-73.8914296420956
804820,"1962 1st AVENUE, MANHATTAN NY 10029",6,40.7863378,-73.9417953
807866,"1418 BROOKLYN AVENUE, BROOKLYN NY 11210",6,40.6378114,-73.942738892132
5779,"2108 AMSTERDAM AVENUE, MANHATTAN NY 10032",6,40.8377322,-73.9388140582389
203944,"8646 BAY PARKWAY, BROOKLYN NY 11214",6,40.6010699761905,-73.9948623333333
58039,"1261 COMMONWEALTH AVENUE, BRONX NY 10472",6,40.8317369,-73.868516
369377,"2955 SHELL ROAD, BROOKLYN NY 11224",6,40.580942,-73.975380101617
314663,"103 HULL STREET, BROOKLYN NY 11233",6,40.6794489,-73.91325755
113354,"1520 THIERIOT AVENUE, BRONX NY 10460",6,40.83835995,-73.8653224782947
283640,"1427 EAST 95th STREET, BROOKLYN NY 11236",6,40.6372703,-73.8961791540978
312514,"224 HIGHLAND BOULEVARD, BROOKLYN NY 11207",6,40.6817209,-73.8931051547594
5602,"1619 AMSTERDAM AVENUE, MANHATTAN NY 10031",6,40.8220882,-73.9496936
81583,"2472 GRAND AVENUE, BRONX NY 10468",6,40.8634826,-73.9023697002397
90283,"3216 KOSSUTH AVENUE, BRONX NY 10467",6,40.8789691,-73.8821398
20112,"9 EAST 118th STREET, MANHATTAN NY 10035",6,40.80182465,-73.9446528035014
842723,"2087 CRESTON AVENUE, BRONX NY 10453",6,40.853984,-73.9039609227872
81910,"2955 GRAND CONCOURSE, BRONX NY 10468",6,40.8725795,-73.8878647
398836,"603 WYONA STREET, BROOKLYN NY 11207",6,40.6637906,-73.8907303
396137,"1125 WILLOUGHBY AVENUE, BROOKLYN NY 11237",6,40.7017184,-73.9255716807412
6479,"38 AVENUE B, MANHATTAN NY 10009",6,40.7228108,-73.9829937
55440,"1126 CARROLL PLACE, BRONX NY 10456",6,40.8319694285714,-73.9186201632653
115553,"1752 TOPPING AVENUE, BRONX NY 10457",6,40.8454957,-73.9054632707265
44880,"261 ALEXANDER AVENUE, BRONX NY 10454",6,40.81050325,-73.9251718986423
347196,"1261 OCEAN AVENUE, BROOKLYN NY 11230",6,40.6314587,-73.9570406024827
352214,"283 PARKSIDE AVENUE, BROOKLYN NY 11226",6,40.6545098,-73.9628063
370399,"6901 SHORE ROAD, BROOKLYN NY 11209",6,40.638637,-74.0358762
361648,"6902 RIDGE BOULEVARD, BROOKLYN NY 11209",6,40.6364505306123,-74.0288110408163
228318,"15 CROWN STREET, BROOKLYN NY 11225",6,40.66774625,-73.9609015556836
362714,"688 ROCKAWAY AVENUE, BROOKLYN NY 11212",6,40.66307595,-73.9093453368263
8317,"4648 BROADWAY, MANHATTAN NY 10040",6,40.861964,-73.929936
324067,"125 LENOX ROAD, BROOKLYN NY 11226",6,40.6542409,-73.9552570535722
66854,"58 EAST 190th STREET, BRONX NY 10468",6,40.86292785,-73.8989809951767
81877,"2805 GRAND CONCOURSE, BRONX NY 10468",6,40.8693308,-73.8923905197477
41395,"607 WEST 139th STREET, MANHATTAN NY 10031",6,40.823143,-73.9538589199774
285033,"438 EAST 98th STREET, BROOKLYN NY 11212",6,40.65769255,-73.915189811044
373995,"411 ST JOHNS PLACE, BROOKLYN NY 11238",6,40.6741668,-73.9642633047379
206374,"3620 BEDFORD AVENUE, BROOKLYN NY 11210",6,40.61372195,-73.9496058104346
61032,"3530 DECATUR AVENUE, BRONX NY 10467",6,40.879637,-73.8719208135739
64403,"422 EAST 161st STREET, BRONX NY 10451",6,40.8236873,-73.9130461848227
102904,"3130 PERRY AVENUE, BRONX NY 10467",6,40.8732146,-73.8781569656828
87324,"2367 HUGHES AVENUE, BRONX NY 10458",6,40.85485015,-73.8874315213638
7210,"44 BOGARDUS PLACE, MANHATTAN NY 10040",6,40.8595506,-73.9282781
432731,"28-02 44th STREET, QUEENS NY 11103",6,40.7684672,-73.9070235
52012,"2420 BRONX PARK EAST, BRONX NY 10467",6,40.8619612,-73.8701576422805
72227,"685 EAST 234th STREET, BRONX NY 10466",6,40.8945082,-73.8574501
222845,"374 CLINTON AVENUE, BROOKLYN NY 11238",6,40.68700465,-73.9679414375948
140004,"5420 15th AVENUE, BROOKLYN NY 11219",6,40.62932205,-73.9912638621561
63785,"271 EAST 150th STREET, BRONX NY 10451",6,40.8180594,-73.9221577
64094,"839 EAST 156th STREET, BRONX NY 10455",6,40.8177009,-73.9031891681818
10525,"77 EAST 2nd STREET, MANHATTAN NY 10003",6,40.72414075,-73.98890545
66553,"711 EAST 183rd STREET, BRONX NY 10458",6,40.8519231,-73.8849222
59927,"2327 CROTONA AVENUE, BRONX NY 10458",6,40.85292805,-73.884373143867
347769,"666 OCEAN AVENUE, BROOKLYN NY 11226",6,40.64644045,-73.9607544775785
375374,"81 ST NICHOLAS AVENUE, BROOKLYN NY 11237",6,40.7062912,-73.9193114
344295,"2010 NEWKIRK AVENUE, BROOKLYN NY 11226",6,40.63779805,-73.9581299513331
7851,"2586 BROADWAY, MANHATTAN NY 10025",6,40.7955963,-73.9707635
9158,"350 CENTRAL PARK WEST, MANHATTAN NY 10025",6,40.79088,-73.9654746
38171,"312 WEST 114th STREET, MANHATTAN NY 10026",6,40.8033455,-73.9573998221454
772579,"30 QUINN STREET, STATEN ISLAND NY 10304",6,40.6240516,-74.0782938959578
430925,"156-10 43rd AVENUE, QUEENS NY 11355",6,40.7589521,-73.809447325578
180960,"365 87th STREET, BROOKLYN NY 11209",6,40.6224622,-74.029334751396
39209,"503 WEST 122nd STREET, MANHATTAN NY 10027",6,40.81108,-73.958637548678
5399,"686 ACADEMY STREET, MANHATTAN NY 10034",6,40.86709415,-73.925823362706
246844,"1815 EAST 17th STREET, BROOKLYN NY 11229",6,40.60554235,-73.9553237566004
43157,"709 WEST 170th STREET, MANHATTAN NY 10032",6,40.84389515,-73.9421470238714
221270,"1013 CLARKSON AVENUE, BROOKLYN NY 11212",6,40.65857295,-73.9245050723893
43678,"677 WEST 204th STREET, MANHATTAN NY 10034",6,40.86763175,-73.9230872628313
92363,"1040 LONGFELLOW AVENUE, BRONX NY 10459",6,40.8244184,-73.8874302015089
321178,"197 KNICKERBOCKER AVENUE, BROOKLYN NY 11237",6,40.703694,-73.92656255
119648,"1102 WASHINGTON AVENUE, BRONX NY 10456",6,40.82859355,-73.9080603768828
73797,"259 EAST MOSHOLU PARKWAY NORTH, BRONX NY 10467",6,40.8732443,-73.8807092
806241,"1050 ANDERSON AVENUE, BRONX NY 10452",6,40.8334062,-73.926162
43546,"505 WEST 187th STREET, MANHATTAN NY 10033",6,40.85301,-73.9308725
187476,"2623 AVENUE D, BROOKLYN NY 11226",6,40.6408791,-73.9516012
37668,"205 WEST 107th STREET, MANHATTAN NY 10025",6,40.80159505,-73.9657698182274
97609,"2718 MORRIS AVENUE, BRONX NY 10468",6,40.86823775,-73.8950690017704
306716,"1335 HANCOCK STREET, BROOKLYN NY 11237",6,40.694474,-73.90924545
237785,"1880 EAST 4th STREET, BROOKLYN NY 11223",6,40.6043674,-73.9692251
347323,"1890 OCEAN AVENUE, BROOKLYN NY 11230",6,40.6156841,-73.954876788352
299106,"129 GATES AVENUE, BROOKLYN NY 11238",6,40.6849008,-73.9629318
505910,"35-51 95th STREET, QUEENS NY 11372",6,40.75172405,-73.8720799275953
374033,"540 ST JOHNS PLACE, BROOKLYN NY 11238",6,40.6727476,-73.9601664169445
8092,"3624 BROADWAY, MANHATTAN NY 10031",6,40.8291344444444,-73.9483532222222
62440,"715 EAST 133rd STREET, BRONX NY 10454",6,40.8018036,-73.9151876
423359,"28-20 36th AVENUE, QUEENS NY 11106",6,40.7573439,-73.9316638
56980,"1781 CLAY AVENUE, BRONX NY 10457",6,40.8464716,-73.90483
245748,"625 MARLBOROUGH ROAD, BROOKLYN NY 11226",6,40.6347898,-73.9630877
55175,"4040 CARPENTER AVENUE, BRONX NY 10466",6,40.8905108,-73.8622123
805986,"231 WEST 149th STREET, MANHATTAN NY 10039",6,40.8248873,-73.9386237
207037,"543 BEDFORD AVENUE, BROOKLYN NY 11211",6,40.704933,-73.961876
43540,"561 WEST 186th STREET, MANHATTAN NY 10033",6,40.8523296,-73.9308095097896
268560,"383 EAST 52nd STREET, BROOKLYN NY 11203",6,40.65133045,-73.92812075
207558,"785 BELMONT AVENUE, BROOKLYN NY 11208",6,40.67298055,-73.8808063237213
98098,"220 MT HOPE PLACE, BRONX NY 10457",6,40.84807715,-73.9054784926361
317698,"140 JEFFERSON STREET, BROOKLYN NY 11206",6,40.7000822,-73.9301698866438
363521,"1047 ROGERS AVENUE, BROOKLYN NY 11226",6,40.6445465,-73.95152595
367812,"213 SCHENECTADY AVENUE, BROOKLYN NY 11213",6,40.6714966,-73.933511
534105,"109-05 120th STREET, QUEENS NY 11420",6,40.6823565,-73.8210243074788
149487,"1246 42nd STREET, BROOKLYN NY 11219",6,40.6394084,-73.9892285179009
842009,"467 WILSON AVENUE, BROOKLYN NY 11221",6,40.693063,-73.91194555
337833,"127 MILLER AVENUE, BROOKLYN NY 11207",6,40.678314,-73.8924509550578
289081,"29 ELTON STREET, BROOKLYN NY 11208",6,40.6829305,-73.8853073
93691,"1460 MACOMBS ROAD, BRONX NY 10452",6,40.8418772,-73.9177233
58354,"480 CONCORD AVENUE, BRONX NY 10455",6,40.81127115,-73.9085233442591
205795,"1799 BEDFORD AVENUE, BROOKLYN NY 11225",6,40.6617127,-73.9568186
695162,"52-09 SKILLMAN AVENUE, QUEENS NY 11377",6,40.74608555,-73.91196975
81522,"2200 GRAND AVENUE, BRONX NY 10453",6,40.8578138,-73.9060423825745
167029,"315 68th STREET, BROOKLYN NY 11220",6,40.63641925,-74.0251169082823
810020,"4713 5th AVENUE, BROOKLYN NY 11220",6,40.6465950612245,-74.0086310204082
183911,"2005 ALBEMARLE ROAD, BROOKLYN NY 11226",6,40.6473462244898,-73.9602967755102
73203,"1031 EAST 241st STREET, BRONX NY 10466",6,40.9028188,-73.84171
299752,"208 GELSTON AVENUE, BROOKLYN NY 11209",6,40.6166213,-74.0295052675032
112485,"1471 TAYLOR AVENUE, BRONX NY 10460",6,40.8372424,-73.8665762117477
339806,"324 MONTGOMERY STREET, BROOKLYN NY 11225",6,40.6654553,-73.9540034
132405,"60 6th AVENUE, BROOKLYN NY 11217",6,40.6811072,-73.974612176421
26891,"92 PINEHURST AVENUE, MANHATTAN NY 10033",6,40.8515807,-73.9392748
28036,"1610 ST NICHOLAS AVENUE, MANHATTAN NY 10040",6,40.8552165555556,-73.9292938888889
169561,"920 72nd STREET, BROOKLYN NY 11228",6,40.6267624,-74.0138860099351
189590,"1123 AVENUE K, BROOKLYN NY 11230",6,40.6226618,-73.9640301572181
315712,"121 IRVING AVENUE, BROOKLYN NY 11237",6,40.7035328,-73.9219196165835
121214,"102 WEST 183rd STREET, BRONX NY 10453",6,40.8599979,-73.9088793494661
459321,"70-14 66th STREET, QUEENS NY 11385",6,40.70372285,-73.88959535
117542,"791 VAN NEST AVENUE, BRONX NY 10462",6,40.84461665,-73.8623391574984
81809,"2351 GRAND CONCOURSE, BRONX NY 10468",6,40.85892225,-73.89917625
347177,"1150 OCEAN AVENUE, BROOKLYN NY 11230",6,40.6342374285714,-73.958111
64930,"230 EAST 167th STREET, BRONX NY 10456",6,40.833603,-73.9157139
130559,"4711 5th AVENUE, BROOKLYN NY 11220",6,40.6463689,-74.0086377561555
23953,"1590 LEXINGTON AVENUE, MANHATTAN NY 10029",6,40.7891882,-73.948674
660617,"31-15 GREENPOINT AVENUE, QUEENS NY 11101",6,40.7347933,-73.9371298
8802,"65 CABRINI BOULEVARD, MANHATTAN NY 10033",6,40.850454,-73.94046
804603,"337 EAST 95th STREET, MANHATTAN NY 10128",6,40.7829427,-73.9455473039574
414027,"23-28 28th AVENUE, QUEENS NY 11102",6,40.76988165,-73.9247144038709
383395,"1654 UNION STREET, BROOKLYN NY 11213",6,40.6678664,-73.9337531
347600,"2813 OCEAN AVENUE, BROOKLYN NY 11235",6,40.5924524,-73.9498954
682378,"10-12 NAMEOKE STREET, QUEENS NY 11691",6,40.6032328,-73.7486591558652
310320,"160 HENDRIX STREET, BROOKLYN NY 11207",6,40.6783979,-73.8910939772447
27342,"730 RIVERSIDE DRIVE, MANHATTAN NY 10031",6,40.83036115,-73.9493803629917
321482,"879 KNICKERBOCKER AVENUE, BROOKLYN NY 11207",6,40.691278,-73.9049006
50379,"1195 BOSTON ROAD, BRONX NY 10456",6,40.82950225,-73.9026946894157
5825,"2236 AMSTERDAM AVENUE, MANHATTAN NY 10032",6,40.8419277,-73.9356265
314191,"630 HOWARD AVENUE, BROOKLYN NY 11212",6,40.66662475,-73.9200228806588
156611,"517 53rd STREET, BROOKLYN NY 11220",6,40.6432656,-74.011476456587
43215,"506 WEST 173rd STREET, MANHATTAN NY 10032",6,40.8431316,-73.9354636
347682,"411 OCEAN AVENUE, BROOKLYN NY 11226",6,40.65284125,-73.9611583486715
18300,"155 EAST 92nd STREET, MANHATTAN NY 10128",6,40.7832511,-73.952014586517
380441,"318 SUYDAM STREET, BROOKLYN NY 11237",6,40.70321775,-73.9223520666965
68365,"749 EAST 216th STREET, BRONX NY 10467",6,40.8811024,-73.8620487451487
81861,"2665 GRAND CONCOURSE, BRONX NY 10468",6,40.8665421,-73.8943972
70998,"681 EAST 228th STREET, BRONX NY 10466",6,40.890272,-73.860106
45417,"1080 ANDERSON AVENUE, BRONX NY 10452",6,40.8340777,-73.9254556326879
52231,"1847 BRONXDALE AVENUE, BRONX NY 10462",6,40.8472152,-73.860099174045
250380,"330 EAST 22nd STREET, BROOKLYN NY 11226",6,40.64384615,-73.9568346262431
64753,"268 EAST 165th STREET, BRONX NY 10456",6,40.8292707,-73.916633
399103,"2069 EAST 53rd PLACE, BROOKLYN NY 11234",6,40.61123,-73.9213826
82007,"1050 GRANT AVENUE, BRONX NY 10456",6,40.82995425,-73.91688365
217278,"1014 CARROLL STREET, BROOKLYN NY 11225",6,40.66749205,-73.9575490918743
312125,"403 HEWES STREET, BROOKLYN NY 11211",6,40.7088104,-73.9513820585849
693518,"150-15 SANFORD AVENUE, QUEENS NY 11355",6,40.7613003,-73.8125977054925
532177,"109-54 118th STREET, QUEENS NY 11420",6,40.68040965,-73.8224913
26885,"60 PINEHURST AVENUE, MANHATTAN NY 10033",6,40.8503597,-73.9396971
118817,"2074 WALLACE AVENUE, BRONX NY 10462",6,40.8525307,-73.864746
518967,"164-06 108th AVENUE, QUEENS NY 11433",6,40.6969358,-73.7900664
416426,"14-23 30th DRIVE, QUEENS NY 11102",6,40.7689415,-73.9303217861234
260458,"1011 EAST 37th STREET, BROOKLYN NY 11210",6,40.63224145,-73.940543389276
6245,"404 AUDUBON AVENUE, MANHATTAN NY 10033",6,40.8515101,-73.9306556229885
519690,"84-14 108th STREET, QUEENS NY 11418",6,40.7003741,-73.8421960154348
949348,"150-03 88th AVENUE, QUEENS NY 11432",6,40.70604625,-73.80588845
398026,"101 WOODRUFF AVENUE, BROOKLYN NY 11226",6,40.6539044,-73.9627726173421
812047,"134-25 166th PLACE, QUEENS NY 11434",6,40.6734901,-73.7742825
809945,"437 WYONA STREET, BROOKLYN NY 11207",6,40.66794565,-73.8916647356876
6261,"461 AUDUBON AVENUE, MANHATTAN NY 10040",6,40.8531932,-73.9288931
380391,"220 SUYDAM STREET, BROOKLYN NY 11237",6,40.70081635,-73.9247382895811
499726,"34-19 90th STREET, QUEENS NY 11372",6,40.7539377,-73.877125038544
248926,"141 EAST 21st STREET, BROOKLYN NY 11226",6,40.65088695,-73.9595956646578
309406,"75 HAWTHORNE STREET, BROOKLYN NY 11225",6,40.65762875,-73.9576179727413
109426,"1154 SHERIDAN AVENUE, BRONX NY 10456",6,40.8329782413793,-73.9172577931034
76459,"234 MEAGHER AVENUE, BRONX NY 10465",6,40.8187826,-73.810997
69528,"624 EAST 222nd STREET, BRONX NY 10467",6,40.8863039,-73.8643613995415
391741,"1702 WEST 7th STREET, BROOKLYN NY 11223",6,40.6056658333333,-73.9803737222222
121353,"231 WEST 230th STREET, BRONX NY 10463",6,40.87790075,-73.90706807216
335825,"333 MENAHAN STREET, BROOKLYN NY 11237",6,40.70073325,-73.9147895716274
65570,"937 EAST 172nd STREET, BRONX NY 10460",6,40.8339159,-73.8890099
249572,"525 EAST 21st STREET, BROOKLYN NY 11226",6,40.6413756,-73.9580677997398
306295,"841 HALSEY STREET, BROOKLYN NY 11233",6,40.68556105,-73.9189533
27213,"210 RIVERSIDE DRIVE, MANHATTAN NY 10025",6,40.7942307,-73.9761979
101163,"3203 PARK AVENUE, BRONX NY 10451",6,40.8251541333333,-73.9165314
63078,"626 EAST 140th STREET, BRONX NY 10454",6,40.807071,-73.9145572531812
120384,"2725 WEBB AVENUE, BRONX NY 10468",6,40.8700277,-73.9018267
808010,"3250 CONEY ISLAND AVENUE, BROOKLYN NY 11235",6,40.5771192,-73.9599638382109
62049,"3939 DURYEA AVENUE, BRONX NY 10466",6,40.8903986,-73.8353471463395
2715,"2300 5th AVENUE, MANHATTAN NY 10037",6,40.8161808,-73.9353942
23475,"220 LENOX AVENUE, MANHATTAN NY 10027",6,40.80516305,-73.9469299001689
287508,"1085 EASTERN PARKWAY, BROOKLYN NY 11213",6,40.6693597,-73.9323336232558
109917,"768 SOUTH OAK DRIVE, BRONX NY 10467",6,40.8720724,-73.86440125
7787,"2301 BROADWAY, MANHATTAN NY 10024",6,40.7866118,-73.9782512
381140,"266A THROOP AVENUE, BROOKLYN NY 11206",6,40.6950805,-73.943660155684
61061,"3561 DEKALB AVENUE, BRONX NY 10467",6,40.8838607,-73.8795121179195
90271,"3434 KNOX PLACE, BRONX NY 10467",6,40.8819816,-73.8832081
282088,"473 EAST 92nd STREET, BROOKLYN NY 11212",5,40.65482685,-73.9191926881617
268516,"275 EAST 52nd STREET, BROOKLYN NY 11203",5,40.6541916,-73.9285596
312618,"230 HIGHLAND PLACE, BROOKLYN NY 11208",5,40.6795887,-73.8809290838859
44827,"3064 ALBANY CRESCENT, BRONX NY 10463",5,40.87793545,-73.9035333427812
268101,"136 EAST 52nd STREET, BROOKLYN NY 11203",5,40.6578074,-73.9293588807921
809405,"1445 SHORE PARKWAY, BROOKLYN NY 11214",5,40.59908775,-74.0048135356275
246920,"205 EAST 17th STREET, BROOKLYN NY 11226",5,40.6458098,-73.9630865507544
40974,"125 WEST 137th STREET, MANHATTAN NY 10030",5,40.81616315,-73.9411672431284
185086,"658 ASHFORD STREET, BROOKLYN NY 11207",5,40.66556355,-73.8832048220249
117096,"2463 VALENTINE AVENUE, BRONX NY 10458",5,40.861213,-73.8965037
317518,"770 JEFFERSON AVENUE, BROOKLYN NY 11221",5,40.68581525,-73.92624745
244034,"1026 EAST 14th STREET, BROOKLYN NY 11230",5,40.62433695,-73.9625084235437
323520,"345 LEFFERTS AVENUE, BROOKLYN NY 11225",5,40.6626695,-73.9497285410764
43373,"517 WEST 180th STREET, MANHATTAN NY 10033",5,40.847904,-73.9319890822469
368219,"190 SCHOLES STREET, BROOKLYN NY 11206",5,40.7088194,-73.941402245369
66416,"550 EAST 182nd STREET, BRONX NY 10457",5,40.8528166,-73.8924566
129542,"7311 4th AVENUE, BROOKLYN NY 11209",5,40.63157465,-74.0243424262548
56205,"813 CHESTNUT STREET, BRONX NY 10467",5,40.87297915,-73.8624071670245
67370,"414 EAST 204th STREET, BRONX NY 10467",5,40.87051,-73.8765558510046
226502,"2149 CORTELYOU ROAD, BROOKLYN NY 11226",5,40.64423525,-73.9567769454343
28991,"15 WADSWORTH AVENUE, MANHATTAN NY 10033",5,40.8451162,-73.938235
59238,"2550 CRESTON AVENUE, BRONX NY 10468",5,40.86397165,-73.8970590632803
944639,"573 49th STREET, BROOKLYN NY 11220",5,40.64468505,-74.0077721306346
9033,"509 CATHEDRAL PARKWAY, MANHATTAN NY 10025",5,40.80348585,-73.964564600782
66152,"825 EAST 179th STREET, BRONX NY 10460",5,40.84497895,-73.8859393175078
52674,"250 BROOK AVENUE, BRONX NY 10454",5,40.8077402,-73.9189363
287780,"263 EASTERN PARKWAY, BROOKLYN NY 11238",5,40.6714254,-73.9597421
804313,"355 EAST 10th STREET, MANHATTAN NY 10009",5,40.7266699,-73.9791798
27561,"89 SEAMAN AVENUE, MANHATTAN NY 10034",5,40.86805485,-73.924456441711
41105,"106 WEST 138th STREET, MANHATTAN NY 10030",5,40.8160810612245,-73.9398086122449
317762,"244 JEFFERSON STREET, BROOKLYN NY 11237",5,40.70275825,-73.9275190577303
394585,"2920 WEST 21st STREET, BROOKLYN NY 11224",5,40.5754509,-73.9880264
324097,"20 LENOX ROAD, BROOKLYN NY 11226",5,40.6533986,-73.9587362
287812,"368 EASTERN PARKWAY, BROOKLYN NY 11225",5,40.6698856,-73.9567779550541
52690,"348 BROOK AVENUE, BRONX NY 10454",5,40.8099746,-73.917532539916
347745,"522 OCEAN AVENUE, BROOKLYN NY 11226",5,40.6498237,-73.9611601
67294,"239 EAST 203rd STREET, BRONX NY 10458",5,40.8737067,-73.8851599
411608,"31-45 CRESCENT STREET, QUEENS NY 11106",5,40.76437895,-73.9267749722414
459329,"70-24 66th STREET, QUEENS NY 11385",5,40.70342615,-73.8894739
108542,"2857 SEDGWICK AVENUE, BRONX NY 10468",5,40.863024,-73.9090685
416428,"14-26 30th DRIVE, QUEENS NY 11102",5,40.768593,-73.9305746610036
46644,"2605 BAINBRIDGE AVENUE, BRONX NY 10458",5,40.86438745,-73.8924743901627
21518,"2 ELLWOOD STREET, MANHATTAN NY 10040",5,40.8591195,-73.9278441
51989,"2084 BRONX PARK EAST, BRONX NY 10462",5,40.8532638,-73.86881
97393,"1495 MORRIS AVENUE, BRONX NY 10457",5,40.8404957,-73.9100234
100799,"3873 ORLOFF AVENUE, BRONX NY 10463",5,40.8844756,-73.8961830017705
515822,"39-20 104th STREET, QUEENS NY 11368",5,40.7503141,-73.862178499975
73470,"251 EAST KINGSBRIDGE ROAD, BRONX NY 10458",5,40.86448855,-73.8938918229327
287581,"1335 EASTERN PARKWAY, BROOKLYN NY 11233",5,40.66893315,-73.9238822798686
9840,"944 COLUMBUS AVENUE, MANHATTAN NY 10025",5,40.79962055,-73.9629256506896
248025,"116 EAST 19th STREET, BROOKLYN NY 11226",5,40.64662685,-73.96183819148
43602,"540 WEST 189th STREET, MANHATTAN NY 10040",5,40.8534742,-73.9284558045286
70239,"666 EAST 224th STREET, BRONX NY 10466",5,40.88731185,-73.8622631604431
809859,"2970 WEST 27th STREET, BROOKLYN NY 11224",5,40.57354,-73.9930027
151877,"237 46th STREET, BROOKLYN NY 11220",5,40.6508714,-74.013462583205
225759,"173 COOPER STREET, BROOKLYN NY 11207",5,40.6887028,-73.9067131609169
59219,"2403 CRESTON AVENUE, BRONX NY 10468",5,40.86051535,-73.8996363872396
66298,"253 EAST 181st STREET, BRONX NY 10457",5,40.8543225,-73.8999503
344223,"85 NEWEL STREET, BROOKLYN NY 11222",5,40.7253001,-73.9479046088311
327603,"104 LINDEN STREET, BROOKLYN NY 11221",5,40.6929343,-73.9196024
344324,"2343 NEWKIRK AVENUE, BROOKLYN NY 11226",5,40.6397306,-73.9543916
57768,"1212 COLLEGE AVENUE, BRONX NY 10456",5,40.8329182,-73.9130567419907
129309,"5717 4th AVENUE, BROOKLYN NY 11220",5,40.6420294,-74.0167712308172
87306,"2308 HUGHES AVENUE, BRONX NY 10458",5,40.8531598,-73.8875376802596
129111,"4719 4th AVENUE, BROOKLYN NY 11220",5,40.6475554,-74.0109816451101
225312,"866 CONEY ISLAND AVENUE, BROOKLYN NY 11218",5,40.636167,-73.9681048
21521,"61 ELLWOOD STREET, MANHATTAN NY 10040",5,40.8608727,-73.9284256147739
347450,"2300 OCEAN AVENUE, BROOKLYN NY 11229",5,40.60557085,-73.9530009508158
46071,"733 ARNOW AVENUE, BRONX NY 10467",5,40.8679886,-73.8657156
343418,"1122 NEW YORK AVENUE, BROOKLYN NY 11203",5,40.6456404,-73.9462709
327539,"820 LINDEN BOULEVARD, BROOKLYN NY 11203",5,40.6538412,-73.927457
97600,"2671 MORRIS AVENUE, BRONX NY 10468",5,40.8673563409091,-73.8961885681818
118825,"2160 WALLACE AVENUE, BRONX NY 10462",5,40.85524665,-73.8645324428542
64975,"601 EAST 167th STREET, BRONX NY 10456",5,40.8283771,-73.9039501
383024,"1042 UNION STREET, BROOKLYN NY 11225",5,40.66937275,-73.9575114708069
285012,"376 EAST 98th STREET, BROOKLYN NY 11212",5,40.65890895,-73.916534356607
109776,"975 SIMPSON STREET, BRONX NY 10459",5,40.82158985,-73.8933618728232
110036,"1327 SOUTHERN BOULEVARD, BRONX NY 10459",5,40.83162715,-73.8914596708333
386645,"247 VERMONT STREET, BROOKLYN NY 11207",5,40.6737972,-73.8940836782358
225855,"38 COOPER STREET, BROOKLYN NY 11207",5,40.6843638,-73.910393110107
43272,"520 WEST 175th STREET, MANHATTAN NY 10033",5,40.84431755,-73.9347264374512
108399,"1727 SEDDON STREET, BRONX NY 10461",5,40.84165715,-73.8507273811033
250420,"573 EAST 22nd STREET, BROOKLYN NY 11226",5,40.6382733,-73.9565088355509
322137,"352 LAFAYETTE AVENUE, BROOKLYN NY 11238",5,40.6884931,-73.9612638880924
220770,"2242 CLARENDON ROAD, BROOKLYN NY 11226",5,40.64254195,-73.9560090633526
23655,"620 LENOX AVENUE, MANHATTAN NY 10037",5,40.8172795,-73.9374206531627
313123,"553 HINSDALE STREET, BROOKLYN NY 11207",5,40.6612475,-73.8978303
120346,"3505 WAYNE AVENUE, BRONX NY 10467",5,40.8811389,-73.8775875
36017,"165 WEST 83rd STREET, MANHATTAN NY 10024",5,40.7855768,-73.9755208690544
5447,"125 ALLEN STREET, MANHATTAN NY 10002",5,40.7198242,-73.990362
51799,"3990 BRONX BOULEVARD, BRONX NY 10466",5,40.8891886,-73.8637758241885
380376,"188 SUYDAM STREET, BROOKLYN NY 11221",5,40.6998904,-73.9256415525597
122091,"212 WEST KINGSBRIDGE ROAD, BRONX NY 10463",5,40.8718915,-73.9047207593694
62824,"530 EAST 138th STREET, BRONX NY 10454",5,40.8069679,-73.9184994454859
114449,"2364 TIEBOUT AVENUE, BRONX NY 10458",5,40.8586193,-73.8961271
62827,"534 EAST 138th STREET, BRONX NY 10454",5,40.80689365,-73.9183485483883
5387,"600 ACADEMY STREET, MANHATTAN NY 10034",5,40.864584,-73.9240609
210310,"1144 BLAKE AVENUE, BROOKLYN NY 11208",5,40.67047125,-73.8754628
323581,"532 LEFFERTS AVENUE, BROOKLYN NY 11225",5,40.6625267,-73.943528900109
27376,"835 RIVERSIDE DRIVE, MANHATTAN NY 10032",5,40.8358228,-73.9466161672927
694409,"1031 SENECA AVENUE, QUEENS NY 11385",5,40.69868215,-73.9003569662427
343908,"320 NEW YORK AVENUE, BROOKLYN NY 11213",5,40.6686732,-73.9479709
256032,"251 EAST 29th STREET, BROOKLYN NY 11226",5,40.6438119,-73.9495042562856
10060,"25 COOPER STREET, MANHATTAN NY 10034",5,40.86737825,-73.9242311368473
129280,"5605 4th AVENUE, BROOKLYN NY 11220",5,40.6427957,-74.0160096298387
282401,"132 EAST 93rd STREET, BROOKLYN NY 11212",5,40.6617232,-73.92649765
81411,"1661 GRAND AVENUE, BRONX NY 10453",5,40.8475382727273,-73.9148534545455
118818,"2075 WALLACE AVENUE, BRONX NY 10462",5,40.8526429,-73.8649956
153111,"429 48th STREET, BROOKLYN NY 11220",5,40.64719915,-74.0104029267938
23966,"1621 LEXINGTON AVENUE, MANHATTAN NY 10029",5,40.7897094,-73.9479452
65645,"1691 EAST 174th STREET, BRONX NY 10472",5,40.834613,-73.8724679
121524,"181 WEST 238th STREET, BRONX NY 10463",5,40.8842568,-73.8981009
805006,"2174 LEXINGTON AVENUE, MANHATTAN NY 10037",5,40.8078525,-73.9350539
381716,"482 TOMPKINS AVENUE, BROOKLYN NY 11216",5,40.6805091,-73.9435850941317
116689,"2636 UNIVERSITY AVENUE, BRONX NY 10468",5,40.8679973,-73.9010926
219709,"34 CHESTNUT STREET, BROOKLYN NY 11208",5,40.6872228,-73.8767246178571
81581,"2463 GRAND AVENUE, BRONX NY 10468",5,40.8634412,-73.9030919952464
79159,"756 FOX STREET, BRONX NY 10455",5,40.815527,-73.8981991
73822,"348 EAST MOSHOLU PARKWAY SOUTH, BRONX NY 10458",5,40.87049,-73.882117
94228,"2048 MAPES AVENUE, BRONX NY 10460",5,40.84550115,-73.8862224967765
289314,"98 ELTON STREET, BROOKLYN NY 11208",5,40.6813562631579,-73.8851426315789
363119,"214 ROCKAWAY PARKWAY, BROOKLYN NY 11212",5,40.66150055,-73.9210514236842
285024,"413 EAST 98th STREET, BROOKLYN NY 11212",5,40.658352,-73.91538
60531,"2473 DAVIDSON AVENUE, BRONX NY 10468",5,40.86356485,-73.9019447774039
318928,"331 KEAP STREET, BROOKLYN NY 11211",5,40.70873895,-73.9549952969884
218282,"2023 CATON AVENUE, BROOKLYN NY 11226",5,40.6527159,-73.9606335130904
505784,"25-36 95th STREET, QUEENS NY 11369",5,40.7632705,-73.8746111401376
359475,"588 QUINCY STREET, BROOKLYN NY 11221",5,40.6883524,-73.9370270767381
811866,"120-02 SUTPHIN BOULEVARD, QUEENS NY 11434",5,40.6994565,-73.8071856
324353,"903 LENOX ROAD, BROOKLYN NY 11203",5,40.65586165,-73.9256738651024
49226,"699 BECK STREET, BRONX NY 10455",5,40.81512925,-73.9005050159472
381499,"123 TOMPKINS AVENUE, BROOKLYN NY 11206",5,40.6953036,-73.9460622313803
108749,"1314 SENECA AVENUE, BRONX NY 10474",5,40.8187933,-73.887152
495711,"90-19 88th AVENUE, QUEENS NY 11421",5,40.6922906,-73.8539077452155
45414,"1060 ANDERSON AVENUE, BRONX NY 10452",5,40.83358145,-73.9257303037253
317814,"318 JEFFERSON STREET, BROOKLYN NY 11237",5,40.7047096,-73.9255874
301276,"3417 GLENWOOD ROAD, BROOKLYN NY 11210",5,40.63448425,-73.9433098164458
90952,"1275 LAFAYETTE AVENUE, BRONX NY 10474",5,40.816772,-73.8885003
96760,"2090 MOHEGAN AVENUE, BRONX NY 10460",5,40.8451039,-73.8835057404508
149864,"844 42nd STREET, BROOKLYN NY 11232",5,40.6447252,-73.9981063875615
19607,"108 EAST 116th STREET, MANHATTAN NY 10029",5,40.79884745,-73.9428237808249
362049,"240 RIDGEWOOD AVENUE, BROOKLYN NY 11208",5,40.6835249,-73.8797918
28016,"1530 ST NICHOLAS AVENUE, MANHATTAN NY 10033",5,40.8526124,-73.9309679337656
195483,"909 AVENUE T, BROOKLYN NY 11223",5,40.60073125,-73.9621562219274
5836,"2304 AMSTERDAM AVENUE, MANHATTAN NY 10033",5,40.84393155,-73.9342637161542
73731,"275 EAST GUN HILL ROAD, BRONX NY 10467",5,40.879602,-73.8747912439722
60817,"2665 DECATUR AVENUE, BRONX NY 10458",5,40.864504,-73.8895846622414
358622,"996 PUTNAM AVENUE, BROOKLYN NY 11221",5,40.6870231,-73.9222686735278
130749,"5511 5th AVENUE, BROOKLYN NY 11220",5,40.64194635,-74.0133158
320126,"3900 KINGS HIGHWAY, BROOKLYN NY 11234",5,40.6225486,-73.9355735496423
249581,"580 EAST 21st STREET, BROOKLYN NY 11226",5,40.63993335,-73.958335690799
968807,"616 WEST 135th STREET, MANHATTAN NY 10031",5,40.82045935,-73.9567338015534
55763,"555 CAULDWELL AVENUE, BRONX NY 10455",5,40.8143132,-73.9109807958943
672289,"42-15 LAYTON STREET, QUEENS NY 11373",5,40.7443566,-73.883924
808637,"9720 KINGS HIGHWAY, BROOKLYN NY 11212",5,40.6613694,-73.9193349
99235,"1670 NELSON AVENUE, BRONX NY 10453",5,40.84743475,-73.9177194639866
368035,"834 SCHENECTADY AVENUE, BROOKLYN NY 11203",5,40.65286985,-73.933744040037
340901,"645 MYRTLE AVENUE, BROOKLYN NY 11205",5,40.69458775,-73.9578972574135
27323,"644 RIVERSIDE DRIVE, MANHATTAN NY 10031",5,40.8250841,-73.9538038
221337,"140 CLARKSON AVENUE, BROOKLYN NY 11226",5,40.65472545,-73.9549422615285
896443,"577 JACKSON AVENUE, BRONX NY 10455",5,40.81389045,-73.9091264920766
100427,"3520 OLINVILLE AVENUE, BRONX NY 10467",5,40.8784163,-73.8676913986982
323583,"556 LEFFERTS AVENUE, BROOKLYN NY 11203",5,40.662774,-73.942659
357864,"1372 PUTNAM AVENUE, BROOKLYN NY 11221",5,40.6944237,-73.9122506944881
66159,"913 EAST 179th STREET, BRONX NY 10460",5,40.8436653333333,-73.882802
51990,"2100 BRONX PARK EAST, BRONX NY 10462",5,40.8539934,-73.8690745
342811,"441 NEW LOTS AVENUE, BROOKLYN NY 11207",5,40.66283845,-73.8913341294276
101049,"1812 PALISADE PLACE, BRONX NY 10453",5,40.85230285,-73.9182713051404
43609,"609 WEST 189th STREET, MANHATTAN NY 10040",5,40.8546961,-73.9307448
45482,"2277 ANDREWS AVENUE NORTH, BRONX NY 10468",5,40.8608274,-73.9082418183391
85845,"2554 HOLLAND AVENUE, BRONX NY 10467",5,40.8649582,-73.8651553
57770,"1220 COLLEGE AVENUE, BRONX NY 10456",5,40.8331055,-73.9129691517152
108934,"1757 SEWARD AVENUE, BRONX NY 10473",5,40.8189973,-73.8654176
80075,"1112 GERARD AVENUE, BRONX NY 10452",5,40.8331396,-73.9214894
123121,"1831 WHITE PLAINS ROAD, BRONX NY 10462",5,40.8461229,-73.866647
66786,"361 EAST 188th STREET, BRONX NY 10458",5,40.8602787,-73.8937324
660742,"14-20 GATEWAY BOULEVARD, QUEENS NY 11691",5,40.601818,-73.749888770591
60001,"1660 CROTONA PARK EAST, BRONX NY 10460",5,40.8370278,-73.8901291
73778,"111 EAST MOSHOLU PARKWAY NORTH, BRONX NY 10467",5,40.8779677,-73.8820011221944
248635,"327 EAST 19th STREET, BROOKLYN NY 11226",5,40.64213055,-73.96037915066
10061,"30 COOPER STREET, MANHATTAN NY 10034",5,40.86776515,-73.9243315728606
120954,"74 WEST 165th STREET, BRONX NY 10452",5,40.8337582,-73.9268139
321191,"214 KNICKERBOCKER AVENUE, BROOKLYN NY 11237",5,40.7027887,-73.9256938556283
89859,"3110 KINGSBRIDGE TERRACE, BRONX NY 10463",5,40.8774613,-73.8997984305754
806415,"2074 CROTONA PARKWAY, BRONX NY 10460",5,40.844957,-73.8845412535659
73832,"217 EAST MT EDEN AVENUE, BRONX NY 10457",5,40.8426613571429,-73.9093275306122
303736,"1082 GREENE AVENUE, BROOKLYN NY 11221",5,40.6919113,-73.92486
809199,"1548 PRESIDENT STREET, BROOKLYN NY 11213",5,40.6671675,-73.9370537
347320,"1866 OCEAN AVENUE, BROOKLYN NY 11230",5,40.61636795,-73.9549994419534
349472,"1232 PACIFIC STREET, BROOKLYN NY 11216",5,40.6776294285714,-73.9507175714286
116968,"2028 VALENTINE AVENUE, BRONX NY 10457",5,40.8511319,-73.9002308
43333,"508 WEST 178th STREET, MANHATTAN NY 10033",5,40.84628805,-73.9331164181452
67369,"409 EAST 204th STREET, BRONX NY 10467",5,40.87094345,-73.8763901825771
109436,"1230 SHERIDAN AVENUE, BRONX NY 10456",5,40.83477135,-73.9155614591748
121286,"143 FATHER ZEISER PLACE, BRONX NY 10468",5,40.8638856506849,-73.9055137323693
94378,"2630 MARION AVENUE, BRONX NY 10458",5,40.864176,-73.8911031
109458,"1504 SHERIDAN AVENUE, BRONX NY 10457",5,40.840759,-73.9113094
43694,"512 WEST 207th STREET, MANHATTAN NY 10034",5,40.8650457,-73.9196894
1303,"2321 2nd AVENUE, MANHATTAN NY 10035",5,40.799144,-73.9364372
79942,"795 GARDEN STREET, BRONX NY 10460",5,40.8494535,-73.8833375
362423,"270 ROCHESTER AVENUE, BROOKLYN NY 11213",5,40.66937895,-73.9285727421119
73932,"212 EAST TREMONT AVENUE, BRONX NY 10457",5,40.84879725,-73.9053559899264
283802,"230 EAST 95th STREET, BROOKLYN NY 11212",5,40.66052635,-73.9226960227726
82125,"955 GRANT AVENUE, BRONX NY 10456",5,40.8281562,-73.9183637921435
55134,"3940 CARPENTER AVENUE, BRONX NY 10466",5,40.8876857,-73.8637731
805979,"356 WEST 145th STREET, MANHATTAN NY 10031",5,40.8228413,-73.9419205
97587,"2485 MORRIS AVENUE, BRONX NY 10468",5,40.86303745,-73.8997438061813
812544,"1300 RICHMOND AVENUE, STATEN ISLAND NY 10314",5,40.6170709402985,-74.156432761194
65707,"240 EAST 175th STREET, BRONX NY 10457",5,40.8466237,-73.9061428
139653,"280 14th STREET, BROOKLYN NY 11215",5,40.66554615,-73.9881126101829
52170,"1406 BRONX RIVER AVENUE, BRONX NY 10472",5,40.83385865,-73.8793322107694
60460,"2016 DAVIDSON AVENUE, BRONX NY 10453",5,40.85306385,-73.9089150516252
97775,"520 MORRIS PARK AVENUE, BRONX NY 10460",5,40.84209275,-73.8715146345968
51305,"2821 BRIGGS AVENUE, BRONX NY 10458",5,40.86862005,-73.889864322428
28316,"18 ST NICHOLAS PLACE, MANHATTAN NY 10031",5,40.82759505,-73.9416614367047
346702,"331 NOSTRAND AVENUE, BROOKLYN NY 11216",5,40.68708545,-73.9506509616861
360165,"570 RALPH AVENUE, BROOKLYN NY 11233",5,40.6696502,-73.9227306506387
205913,"2316 BEDFORD AVENUE, BROOKLYN NY 11226",5,40.6472386,-73.9560022147168
360094,"444 RALPH AVENUE, BROOKLYN NY 11233",5,40.6738815,-73.9222537
347230,"1479 OCEAN AVENUE, BROOKLYN NY 11230",5,40.6263019591837,-73.9563922653061
20144,"240 EAST 119th STREET, MANHATTAN NY 10035",5,40.7990059,-73.9370789472167
332218,"288 MAPLE STREET, BROOKLYN NY 11225",5,40.6605723,-73.9512628814416
343365,"1010 NEW YORK AVENUE, BROOKLYN NY 11203",5,40.6485629,-73.9467250691818
346417,"2054 NOSTRAND AVENUE, BROOKLYN NY 11210",5,40.635292,-73.9482125085669
66278,"882 EAST 180th STREET, BRONX NY 10460",5,40.844971,-73.8827026
40950,"622 WEST 136th STREET, MANHATTAN NY 10031",5,40.82110765,-73.9559144911609
244775,"619 RUGBY ROAD, BROOKLYN NY 11230",5,40.63440325,-73.9638170050567
658472,"10-26 GIPSON STREET, QUEENS NY 11691",5,40.6031567,-73.7590923850334
361545,"192 RICHMOND STREET, BROOKLYN NY 11208",5,40.68270005,-73.8769421562518
46223,"2352 ARTHUR AVENUE, BRONX NY 10458",5,40.85446945,-73.8882307328142
312776,"38 HILL STREET, BROOKLYN NY 11208",5,40.6786656,-73.8717044
67520,"374 EAST 209th STREET, BRONX NY 10467",5,40.8760665,-73.8731707
9980,"400 CONVENT AVENUE, MANHATTAN NY 10031",5,40.8261275,-73.945315
10457,"190 EAST 2nd STREET, MANHATTAN NY 10009",5,40.7224082,-73.9840285
43502,"603 WEST 184th STREET, MANHATTAN NY 10033",5,40.85153135,-73.9328198878788
253177,"574 EAST 26th STREET, BROOKLYN NY 11210",5,40.6364422,-73.9528912388235
346428,"2084 NOSTRAND AVENUE, BROOKLYN NY 11210",5,40.6347092,-73.9481329947095
37797,"215 WEST 109th STREET, MANHATTAN NY 10025",5,40.80299245,-73.9651101362184
77856,"3062 FENTON AVENUE, BRONX NY 10469",5,40.87036835,-73.8446204364861
317736,"196 JEFFERSON STREET, BROOKLYN NY 11206",5,40.7016593,-73.92860135
59922,"2314 CROTONA AVENUE, BRONX NY 10458",5,40.85239795,-73.8839425091602
386956,"789 VERMONT STREET, BROOKLYN NY 11207",5,40.66024505,-73.88942865
225107,"3120 CONEY ISLAND AVENUE, BROOKLYN NY 11235",5,40.579777625,-73.9598855
308626,"547 HART STREET, BROOKLYN NY 11221",5,40.6968088,-73.9297610063596
339746,"1024 MONTGOMERY STREET, BROOKLYN NY 11213",5,40.6639742,-73.9306472809926
397030,"627 WILSON AVENUE, BROOKLYN NY 11207",5,40.6898428,-73.9061805279165
347154,"1012 OCEAN AVENUE, BROOKLYN NY 11226",5,40.6375219,-73.9588204
236817,"1709 EAST 3rd STREET, BROOKLYN NY 11223",5,40.60862675,-73.97054325
43709,"639 WEST 207th STREET, MANHATTAN NY 10034",5,40.8687355,-73.9216906
189817,"3728 AVENUE K, BROOKLYN NY 11210",5,40.6255015,-73.9386951
246410,"2775 EAST 16th STREET, BROOKLYN NY 11235",5,40.58376785,-73.9523822662045
5647,"1761 AMSTERDAM AVENUE, MANHATTAN NY 10031",5,40.8265508,-73.9464044
438379,"30-70 48th STREET, QUEENS NY 11103",5,40.75932865,-73.9101603375
362831,"117 ROCKAWAY PARKWAY, BROOKLYN NY 11212",5,40.6638459,-73.9226809
99732,"1143 NOBLE AVENUE, BRONX NY 10472",5,40.8287298,-73.8697691
122781,"1219 WHEELER AVENUE, BRONX NY 10472",5,40.829176,-73.8805156355803
181691,"351 92nd STREET, BROOKLYN NY 11209",5,40.6190655,-74.031065636197
120924,"1491 WEST AVENUE, BRONX NY 10462",5,40.83739535,-73.8615302985497
450494,"60-60 60th ROAD, QUEENS NY 11378",5,40.7158424,-73.9037715
344339,"2513 NEWKIRK AVENUE, BROOKLYN NY 11226",5,40.63996285,-73.9525665491264
324038,"1107 LENOX ROAD, BROOKLYN NY 11212",5,40.6589766,-73.9193289
347166,"1096 OCEAN AVENUE, BROOKLYN NY 11230",5,40.6357033,-73.9586243572546
25095,"219 MADISON STREET, MANHATTAN NY 10002",5,40.7129382,-73.9889524243506
119093,"1926 WALTON AVENUE, BRONX NY 10453",5,40.8506291,-73.9086408793518
19845,"215 EAST 117th STREET, MANHATTAN NY 10035",5,40.7984605,-73.9384947308954
27963,"600 WEST 176th STREET, MANHATTAN NY 10033",5,40.8461463,-73.9364433
226520,"2401 CORTELYOU ROAD, BROOKLYN NY 11226",5,40.6443379,-73.9542941913783
72216,"655 EAST 234th STREET, BRONX NY 10466",5,40.89487575,-73.8586552711627
308093,"486 HARMAN STREET, BROOKLYN NY 11237",5,40.70446925,-73.9139893310327
49498,"2414 BELMONT AVENUE, BRONX NY 10458",5,40.85519415,-73.885619989459
515679,"32-17 104th STREET, QUEENS NY 11369",5,40.75909705,-73.8646084
422508,"9-03 35th AVENUE, QUEENS NY 11106",5,40.7634489,-73.9402429
372268,"233 SOUTH 4th STREET, BROOKLYN NY 11211",5,40.7104748,-73.9587511
96821,"1855 MONROE AVENUE, BRONX NY 10457",5,40.8477481,-73.9064007
226550,"2708 CORTELYOU ROAD, BROOKLYN NY 11226",5,40.6441449,-73.9513597276299
97360,"1270 MORRIS AVENUE, BRONX NY 10456",5,40.83483415,-73.9128950985531
65871,"12 EAST 177th STREET, BRONX NY 10453",5,40.84984735,-73.9101341424177
247093,"28 EAST 17th STREET, BROOKLYN NY 11226",5,40.6502344,-73.9645170828635
130271,"238 5th AVENUE, BROOKLYN NY 11215",5,40.6755771,-73.9812948444555
115053,"801 TILDEN STREET, BRONX NY 10467",5,40.87718465,-73.8610788788203
270075,"179 EAST 54th STREET, BROOKLYN NY 11203",5,40.6546378,-73.9265205660319
26874,"2 PINEHURST AVENUE, MANHATTAN NY 10033",5,40.8482908,-73.9405090792748
215388,"273 BUFFALO AVENUE, BROOKLYN NY 11213",5,40.665891,-73.9259019
118511,"1838 VYSE AVENUE, BRONX NY 10460",5,40.8386033,-73.8844521508617
122087,"200 WEST KINGSBRIDGE ROAD, BRONX NY 10463",5,40.8712503,-73.9046862
335984,"1720 MERMAID AVENUE, BROOKLYN NY 11224",5,40.57629655,-73.9854405520058
6095,"975 AMSTERDAM AVENUE, MANHATTAN NY 10025",5,40.8015687,-73.9646633
320089,"3502 KINGS HIGHWAY, BROOKLYN NY 11234",5,40.6204619,-73.9402366
327587,"912 LINDEN BOULEVARD, BROOKLYN NY 11203",5,40.6540663,-73.9240143
65029,"101 EAST 168th STREET, BRONX NY 10452",5,40.836464,-73.918219
119624,"1048 WASHINGTON AVENUE, BRONX NY 10456",5,40.8272625,-73.9089068491054
292118,"1148 FLATBUSH AVENUE, BROOKLYN NY 11226",5,40.6421996,-73.9575225
8127,"3750 BROADWAY, MANHATTAN NY 10032",5,40.8332073,-73.945171
107760,"2092 RYER AVENUE, BRONX NY 10457",5,40.8531993,-73.9004959698585
810593,"188-20C 69th AVENUE, QUEENS NY 11365",5,40.7352429,-73.7833150387945
234869,"28 DUMONT AVENUE, BROOKLYN NY 11212",5,40.662572125,-73.9189544375
97603,"2683 MORRIS AVENUE, BRONX NY 10468",5,40.86767225,-73.8962339501694
299862,"88 GEORGE STREET, BROOKLYN NY 11206",5,40.7024027,-73.9302049724177
333392,"275 MARTENSE STREET, BROOKLYN NY 11226",5,40.65186915,-73.9499835065733
183921,"2101 ALBEMARLE ROAD, BROOKLYN NY 11226",5,40.648021,-73.952189
805181,"80 NORTH MOORE STREET, MANHATTAN NY 10013",5,40.7200645,-74.01048075
37795,"212 WEST 109th STREET, MANHATTAN NY 10025",5,40.80254155,-73.9653714866619
50311,"289 BONNER PLACE, BRONX NY 10456",5,40.82768965,-73.9164230867424
432757,"30-16 44th STREET, QUEENS NY 11103",5,40.7620567,-73.91236695
42590,"620 WEST 152nd STREET, MANHATTAN NY 10031",5,40.83125505,-73.9487083134655
347771,"672 OCEAN AVENUE, BROOKLYN NY 11226",5,40.6462345,-73.960715471223
642767,"57-24 CATALPA AVENUE, QUEENS NY 11385",5,40.70106685,-73.903260017192
119284,"955 WALTON AVENUE, BRONX NY 10452",5,40.82914615,-73.9233609775291
467593,"41-01 71st STREET, QUEENS NY 11377",5,40.74478915,-73.8939917841731
70224,"636 EAST 224th STREET, BRONX NY 10466",5,40.88762205,-73.8631908851937
323585,"570 LEFFERTS AVENUE, BROOKLYN NY 11203",5,40.66264575,-73.941963890739
369223,"369 SHEFFIELD AVENUE, BROOKLYN NY 11207",5,40.66806395,-73.8956416845568
100388,"3331 OLINVILLE AVENUE, BRONX NY 10467",5,40.87417975,-73.8683875997657
221450,"80 CLARKSON AVENUE, BROOKLYN NY 11226",5,40.6546493,-73.9571130444013
363013,"178 ROCKAWAY PARKWAY, BROOKLYN NY 11212",5,40.66211385,-73.9217364128799
79518,"1127 FTELEY AVENUE, BRONX NY 10472",5,40.82782265,-73.8714859576248
359188,"285 QUINCY STREET, BROOKLYN NY 11216",5,40.6873809,-73.9492764833121
394200,"2766 WEST 15th STREET, BROOKLYN NY 11224",5,40.58010275,-73.9834510427632
67224,"265 EAST 201st STREET, BRONX NY 10458",5,40.87227955,-73.8846013076543
387003,"16 VERNON AVENUE, BROOKLYN NY 11206",5,40.69412415,-73.951523046871
379913,"1145 SUTTER AVENUE, BROOKLYN NY 11208",5,40.672425,-73.875889539188
60994,"3301 DECATUR AVENUE, BRONX NY 10467",5,40.8766026,-73.8736505
7852,"240 WEST 98th STREET, MANHATTAN NY 10025",5,40.795999,-73.9711909
312251,"131 HICKS STREET, BROOKLYN NY 11201",5,40.6974675,-73.9945489
361686,"7401 RIDGE BOULEVARD, BROOKLYN NY 11209",5,40.6325116,-74.0298690802828
314197,"648 HOWARD AVENUE, BROOKLYN NY 11212",5,40.66618825,-73.9198194063449
208575,"1932 BERGEN STREET, BROOKLYN NY 11233",5,40.6741244,-73.9171745523345
37340,"12 WEST 101st STREET, MANHATTAN NY 10025",5,40.79498755,-73.9633265596546
363146,"317 ROCKAWAY PARKWAY, BROOKLYN NY 11212",5,40.66002785,-73.9184220823101
153750,"537 49th STREET, BROOKLYN NY 11220",5,40.6452106,-74.0086065483574
107773,"2175 RYER AVENUE, BRONX NY 10457",5,40.85482395,-73.900393913002
102644,"750 PELHAM PARKWAY SOUTH, BRONX NY 10462",5,40.8565896,-73.8655441
122806,"1248 WHEELER AVENUE, BRONX NY 10472",5,40.83020715,-73.88026795
8387,"5025 BROADWAY, MANHATTAN NY 10034",5,40.8696513,-73.9165505
347797,"816 OCEAN AVENUE, BROOKLYN NY 11226",5,40.64257575,-73.9599454962544
249560,"460 EAST 21st STREET, BROOKLYN NY 11226",5,40.64288875,-73.9588704292504
182119,"443 95th STREET, BROOKLYN NY 11209",5,40.6154076,-74.0301264406448
346854,"551 NOSTRAND AVENUE, BROOKLYN NY 11216",5,40.6786481,-73.9495327
55050,"3470 CANNON PLACE, BRONX NY 10463",5,40.8815004,-73.8980030918827
258802,"335 EAST 34th STREET, BROOKLYN NY 11203",5,40.6486034,-73.9452108617026
66848,"693 EAST 189th STREET, BRONX NY 10458",5,40.8562284,-73.8833544008849
52348,"2561 BRONXWOOD AVENUE, BRONX NY 10469",5,40.8648662,-73.8619260255302
317811,"315 JEFFERSON STREET, BROOKLYN NY 11237",5,40.7048086,-73.9260540213443
809059,"485 OCEAN AVENUE, BROOKLYN NY 11226",5,40.6508805,-73.9607900647642
118553,"2116 VYSE AVENUE, BRONX NY 10460",5,40.84420165,-73.8799428097585
972502,"147-45 75th AVENUE, QUEENS NY 11367",5,40.7252643,-73.8167488049078
121224,"130 WEST 183rd STREET, BRONX NY 10453",5,40.8600977,-73.9106572387718
21793,"286 FT WASHINGTON AVENUE, MANHATTAN NY 10032",5,40.84474805,-73.9401417999013
275323,"1238 EAST 69th STREET, BROOKLYN NY 11234",5,40.6244291,-73.9154544631298
303649,"202 GREEN STREET, BROOKLYN NY 11222",5,40.73369875,-73.9531436934238
94269,"106 MARCY PLACE, BRONX NY 10452",5,40.8381826,-73.9167984
395984,"92 WILLIAMS AVENUE, BROOKLYN NY 11207",5,40.67414005,-73.9005166496154
445338,"94-25 57th AVENUE, QUEENS NY 11373",5,40.7385947,-73.961242
105368,"2549 RADCLIFF AVENUE, BRONX NY 10469",5,40.86446765,-73.8608625574923
643139,"12-61 CENTRAL AVENUE, QUEENS NY 11691",5,40.6103175714286,-73.7439066122449
149730,"332 42nd STREET, BROOKLYN NY 11232",5,40.65155705,-74.0093577763415
810014,"465 46th STREET, BROOKLYN NY 11220",5,40.6478104,-74.0083567416427
130650,"51 5th AVENUE, BROOKLYN NY 11217",5,40.6811731,-73.9769761815749
37671,"210 WEST 107th STREET, MANHATTAN NY 10025",5,40.8012158,-73.9660422467186
19956,"126 EAST 118th STREET, MANHATTAN NY 10035",5,40.799887,-73.9412460218247
19550,"305 EAST 115th STREET, MANHATTAN NY 10029",5,40.7962792,-73.9377285
5881,"2608 AMSTERDAM AVENUE, MANHATTAN NY 10040",5,40.853457,-73.9271145
116717,"2800 UNIVERSITY AVENUE, BRONX NY 10468",5,40.8716228,-73.8988127768376
27331,"676 RIVERSIDE DRIVE, MANHATTAN NY 10031",5,40.826786,-73.9520191
356369,"149 PROSPECT PARK SOUTHWEST, BROOKLYN NY 11218",5,40.65512515,-73.9736664523245
67509,"91 EAST 208th STREET, BRONX NY 10467",5,40.8786174,-73.8816109
211331,"324 BRADFORD STREET, BROOKLYN NY 11207",5,40.6710267,-73.8918893
40794,"629 WEST 135th STREET, MANHATTAN NY 10031",5,40.82103415,-73.9567351288922
227602,"194 CRESCENT STREET, BROOKLYN NY 11208",5,40.68473835,-73.87278135
67108,"329 EAST 197th STREET, BRONX NY 10458",5,40.8664934,-73.8883969
65040,"288 EAST 168th STREET, BRONX NY 10456",5,40.833241,-73.9128041
8132,"3770 BROADWAY, MANHATTAN NY 10032",5,40.8337633636364,-73.944971
804590,"230 EAST 89th STREET, MANHATTAN NY 10128",5,40.7800588,-73.9514425143143
287562,"1245 EASTERN PARKWAY, BROOKLYN NY 11213",5,40.6689572,-73.9269626
808595,"452 JAMAICA AVENUE, BROOKLYN NY 11208",5,40.6834125,-73.8861645
43613,"559 WEST 190th STREET, MANHATTAN NY 10040",5,40.8546968,-73.9285714887651
28319,"24 ST NICHOLAS PLACE, MANHATTAN NY 10031",5,40.8278309,-73.9416473850499
5684,"1821 AMSTERDAM AVENUE, MANHATTAN NY 10031",5,40.828498,-73.9450967142857
313105,"527 HINSDALE STREET, BROOKLYN NY 11207",5,40.66197255,-73.8979274710926
160782,"1251 59th STREET, BROOKLYN NY 11219",5,40.6300647,-73.9986381994275
149892,"944 42nd STREET, BROOKLYN NY 11219",5,40.64350735,-73.9958637169512
105986,"300 RESERVOIR PLACE, BRONX NY 10467",5,40.8788817,-73.8748599
119172,"2335 WALTON AVENUE, BRONX NY 10468",5,40.8595042,-73.9022369
462882,"60-86 69th AVENUE, QUEENS NY 11385",5,40.7029275,-73.8960175217497
125068,"461 WILLIS AVENUE, BRONX NY 10455",5,40.8141109,-73.9196219251342
807514,"373 96th STREET, BROOKLYN NY 11209",5,40.615598,-74.0318299
88266,"850 INTERVALE AVENUE, BRONX NY 10459",5,40.81794225,-73.8953123450134
355457,"1625 PRESIDENT STREET, BROOKLYN NY 11213",5,40.6673062,-73.9337513
373580,"1140 ST JOHNS PLACE, BROOKLYN NY 11213",5,40.67081365,-73.9405701487499
316371,"514 JAMAICA AVENUE, BROOKLYN NY 11208",5,40.6843222,-73.8842266
152029,"646 46th STREET, BROOKLYN NY 11220",5,40.64520525,-74.0048335051391
145374,"8002 21st AVENUE, BROOKLYN NY 11214",5,40.6065179,-73.9928937
206100,"2835 BEDFORD AVENUE, BROOKLYN NY 11210",5,40.63367125,-73.952693199195
92706,"2312 LORING PLACE NORTH, BRONX NY 10468",5,40.8617569,-73.9080344819014
94459,"2979 MARION AVENUE, BRONX NY 10458",5,40.86968545,-73.8836534036604
112735,"1057 TELLER AVENUE, BRONX NY 10456",5,40.82901555,-73.9137705076316
107803,"2376 RYER AVENUE, BRONX NY 10458",5,40.8591942,-73.8980218
167028,"312 68th STREET, BROOKLYN NY 11220",5,40.63601785,-74.0253781470796
246522,"612 EAST 16th STREET, BROOKLYN NY 11226",5,40.6352627,-73.9624946
6602,"73 AVENUE C, MANHATTAN NY 10009",5,40.723087875,-73.979706875
114478,"2490 TIEBOUT AVENUE, BRONX NY 10458",5,40.8615418,-73.8947625962808
57803,"1269 COLLEGE AVENUE, BRONX NY 10456",5,40.8346905,-73.9125132525399
71460,"867 EAST 230th STREET, BRONX NY 10466",5,40.889847,-73.8531255063109
131524,"9401 5th AVENUE, BROOKLYN NY 11209",5,40.6163696,-74.030426
163438,"267 62nd STREET, BROOKLYN NY 11220",5,40.64145755,-74.02211095
60954,"3200 DECATUR AVENUE, BRONX NY 10467",5,40.8737312,-73.8752820273944
262361,"1161 EAST 39th STREET, BROOKLYN NY 11210",5,40.628507,-73.9382799
25951,"92 NAGLE AVENUE, MANHATTAN NY 10040",5,40.8606352,-73.9278185
338089,"719 MILLER AVENUE, BROOKLYN NY 11207",5,40.6629196,-73.8881902334368
213832,"1438 BROADWAY, BROOKLYN NY 11221",5,40.68798505,-73.9198062178063
817284,"1426D LORING AVENUE, BROOKLYN NY 11208",5,40.6681335,-73.8589331
430455,"31-14 42nd STREET, QUEENS NY 11103",5,40.76023545,-73.9159994033861
144862,"8684 20th AVENUE, BROOKLYN NY 11214",5,40.6029365,-74.0002828325026
398198,"140 WYCKOFF AVENUE, BROOKLYN NY 11237",5,40.7029728,-73.9174489168145
81849,"2565 GRAND CONCOURSE, BRONX NY 10468",5,40.86424275,-73.8963494721373
238628,"1890 EAST 5th STREET, BROOKLYN NY 11223",5,40.60435775,-73.9683879036761
66856,"65 EAST 190th STREET, BRONX NY 10468",5,40.86325645,-73.8984878007586
20040,"411 EAST 118th STREET, MANHATTAN NY 10035",5,40.79719265,-73.933635722152
59720,"1960 CROSS BRONX EXPRESSWAY, BRONX NY 10472",5,40.8322335,-73.8582850416667
7481,"242 BRADHURST AVENUE, MANHATTAN NY 10039",5,40.8290947,-73.9387624
74004,"2572 EAST TREMONT AVENUE, BRONX NY 10461",5,40.8429586,-73.8477861
99849,"1420 NOBLE AVENUE, BRONX NY 10472",5,40.8353622,-73.8707363857145
375429,"272 STAGG STREET, BROOKLYN NY 11206",5,40.70986445,-73.9381531079296
42464,"537 WEST 150th STREET, MANHATTAN NY 10031",5,40.8292437,-73.9467443587637
66437,"653 EAST 182nd STREET, BRONX NY 10457",5,40.8514033,-73.8882435305916
180586,"270 86th STREET, BROOKLYN NY 11209",5,40.6233521,-74.0317647067854
41589,"130 WEST 142nd STREET, MANHATTAN NY 10030",5,40.8188201,-73.9390724202279
22843,"57 HILLSIDE AVENUE, MANHATTAN NY 10040",5,40.8583308884157,-73.9288598709491
316719,"1136 JEFFERSON AVENUE, BROOKLYN NY 11221",5,40.6893373,-73.9148881921982
149368,"902 41st STREET, BROOKLYN NY 11219",5,40.6446641428571,-73.9961698571429
68476,"1035 EAST 217th STREET, BRONX NY 10469",5,40.87928905,-73.85390765
19039,"212 EAST 105th STREET, MANHATTAN NY 10029",5,40.7903758,-73.9445970793989
43228,"527 WEST 173rd STREET, MANHATTAN NY 10032",5,40.8446216,-73.9386543
75950,"1037 ELDER AVENUE, BRONX NY 10472",5,40.82497145,-73.8785954803557
675229,"59-06 LINDEN STREET, QUEENS NY 11385",5,40.70839295,-73.9036800850964
290595,"87 EUCLID AVENUE, BROOKLYN NY 11208",5,40.6864,-73.874815
214713,"1814 BROOKLYN AVENUE, BROOKLYN NY 11210",5,40.62867545,-73.941727080611
660515,"1882 GREENE AVENUE, QUEENS NY 11385",5,40.7070462,-73.9102211386089
336123,"2803 MERMAID AVENUE, BROOKLYN NY 11224",5,40.5758042,-73.9945659057931
324048,"1128 LENOX ROAD, BROOKLYN NY 11212",5,40.65895535,-73.9186447207501
25204,"194 MANHATTAN AVENUE, MANHATTAN NY 10025",5,40.8000124,-73.960282
31134,"327 WEST 21st STREET, MANHATTAN NY 10011",5,40.7447664,-74.0006833147626
125736,"1425 WYTHE PLACE, BRONX NY 10452",5,40.8399814,-73.9147213
49222,"686 BECK STREET, BRONX NY 10455",5,40.8147031,-73.9005989703663
65987,"495 EAST 178th STREET, BRONX NY 10457",5,40.8482035,-73.8966993
338684,"5 MONROE PLACE, BROOKLYN NY 11201",5,40.69703245,-73.992445692353
310442,"475 HENDRIX STREET, BROOKLYN NY 11207",5,40.6698784,-73.8884319195151
418,"2105 1st AVENUE, MANHATTAN NY 10029",5,40.7911274,-73.9391946
18912,"118 EAST 103rd STREET, MANHATTAN NY 10029",5,40.7905022,-73.9488059535131
62861,"704 EAST 138th STREET, BRONX NY 10454",5,40.8048624,-73.9132296
51786,"3830 BRONX BOULEVARD, BRONX NY 10467",5,40.88567875,-73.8657542313195
421850,"35-01 34th STREET, QUEENS NY 11106",5,40.756816,-73.926108
25349,"64 MANHATTAN AVENUE, MANHATTAN NY 10025",5,40.7968103333333,-73.9626957777778
320770,"257 KINGSLAND AVENUE, BROOKLYN NY 11222",5,40.725061,-73.94179505
26987,"118 POST AVENUE, MANHATTAN NY 10034",5,40.86481165,-73.9200151475744
297781,"2112 FULTON STREET, BROOKLYN NY 11233",5,40.67818735,-73.9127333579911
374135,"775 ST JOHNS PLACE, BROOKLYN NY 11216",5,40.6719914,-73.9523230086572
312600,"201 HIGHLAND PLACE, BROOKLYN NY 11208",5,40.6802474,-73.8806759956332
287784,"286 EASTERN PARKWAY, BROOKLYN NY 11225",5,40.67046775,-73.9594932041042
411758,"37-27 CRESCENT STREET, QUEENS NY 11101",5,40.75611515,-73.9350844004874
373987,"391 ST JOHNS PLACE, BROOKLYN NY 11238",5,40.67432905,-73.9650455747651
333590,"68 MAUJER STREET, BROOKLYN NY 11206",5,40.71033475,-73.9478734635052
91559,"1416 LELAND AVENUE, BRONX NY 10460",5,40.83777,-73.864516
59721,"1962 CROSS BRONX EXPRESSWAY, BRONX NY 10472",5,40.832222,-73.85824725
81816,"2385 GRAND CONCOURSE, BRONX NY 10468",5,40.859758,-73.8991426517699
115646,"1466 TOWNSEND AVENUE, BRONX NY 10452",5,40.8413956,-73.9153703396069
76118,"22 ELLIOT PLACE, BRONX NY 10452",5,40.8391724,-73.9172904
40740,"234 WEST 135th STREET, MANHATTAN NY 10030",5,40.8156673061224,-73.9447828571429
40339,"28 WEST 131st STREET, MANHATTAN NY 10037",5,40.8106151,-73.9410012561275
809321,"80 ROSS STREET, BROOKLYN NY 11249",5,40.7032844,-73.9628713953125
43372,"512 WEST 180th STREET, MANHATTAN NY 10033",5,40.84764725,-73.9324741334281
354028,"1729 PITKIN AVENUE, BROOKLYN NY 11212",5,40.67015025,-73.9093780780623
381873,"245 TROUTMAN STREET, BROOKLYN NY 11237",5,40.7029557,-73.92668555
655824,"41-80 FRAME PLACE, QUEENS NY 11355",5,40.7551551,-73.8305269770455
49165,"2405 BEAUMONT AVENUE, BRONX NY 10458",5,40.8544713,-73.8844594567073
309587,"604 HEGEMAN AVENUE, BROOKLYN NY 11207",5,40.6606729,-73.8893527841575
226330,"407 CORNELIA STREET, BROOKLYN NY 11237",5,40.69751935,-73.9086361171273
268546,"336 EAST 52nd STREET, BROOKLYN NY 11203",5,40.65261975,-73.9287954313052
683281,"107-03 GUY R BREWER BOULEVARD, QUEENS NY 11433",5,40.6981134,-73.7920652189785
56597,"495 CLAREMONT PARKWAY, BRONX NY 10457",5,40.83878495,-73.9018798005819
41883,"133 WEST 145th STREET, MANHATTAN NY 10039",5,40.8211928,-73.9372183196518
304629,"909 GREENE AVENUE, BROOKLYN NY 11221",5,40.69088435,-73.93117425
344327,"2415 NEWKIRK AVENUE, BROOKLYN NY 11226",5,40.6397848,-73.9535069
65592,"343 EAST 173rd STREET, BRONX NY 10457",5,40.843637,-73.9053246085132
658211,"1826 GEORGE STREET, QUEENS NY 11385",5,40.69975085,-73.9006758406781
698338,"116-35 SUTPHIN BOULEVARD, QUEENS NY 11434",5,40.6816656,-73.7921938627017
36375,"340 WEST 86th STREET, MANHATTAN NY 10024",5,40.7894677,-73.9798008658189
110166,"555 SOUTHERN BOULEVARD, BRONX NY 10455",5,40.8126062,-73.9034779312133
81755,"2001 GRAND CONCOURSE, BRONX NY 10453",5,40.85138835,-73.9048946227796
210806,"439 BLEECKER STREET, BROOKLYN NY 11237",5,40.7037423,-73.9130379167237
346402,"2026 NOSTRAND AVENUE, BROOKLYN NY 11210",5,40.6360296,-73.9482569955107
81792,"2254 GRAND CONCOURSE, BRONX NY 10457",5,40.8565867,-73.899840124196
321678,"399 KOSCIUSZKO STREET, BROOKLYN NY 11221",5,40.69233545,-73.9387115171238
5587,"1516 AMSTERDAM AVENUE, MANHATTAN NY 10031",5,40.8188382,-73.9525176
83653,"1812 HARRISON AVENUE, BRONX NY 10453",5,40.8504605,-73.9136304845366
27409,"101 RIVINGTON STREET, MANHATTAN NY 10002",5,40.7199318,-73.9882457
93710,"1630 MACOMBS ROAD, BRONX NY 10453",5,40.8469901,-73.9162547
81578,"2426 GRAND AVENUE, BRONX NY 10468",5,40.8624224,-73.9033252832076
342919,"788 NEW LOTS AVENUE, BROOKLYN NY 11208",5,40.6669502307692,-73.8811444615385
81868,"2720 GRAND CONCOURSE, BRONX NY 10458",5,40.8673985,-73.8929559
207327,"1037 BELMONT AVENUE, BROOKLYN NY 11208",5,40.67441145,-73.8709322376795
803830,"1330 5th AVENUE, MANHATTAN NY 10026",5,40.7979632,-73.9489718772308
676505,"44-10 MACNISH STREET, QUEENS NY 11373",5,40.7420698,-73.8799659
94674,"4511 MATILDA AVENUE, BRONX NY 10470",5,40.901265,-73.8548230364969
43682,"407 WEST 205th STREET, MANHATTAN NY 10034",5,40.86285585,-73.9185547103171
672844,"83-15 LEFFERTS BOULEVARD, QUEENS NY 11415",5,40.7054405,-73.8311872643418
1338,"2385 2nd AVENUE, MANHATTAN NY 10035",5,40.800990625,-73.934894
44099,"698 WEST END AVENUE, MANHATTAN NY 10025",5,40.7937278,-73.9741134
94382,"2650 MARION AVENUE, BRONX NY 10458",5,40.8646286,-73.8904304994141
100793,"3840 ORLOFF AVENUE, BRONX NY 10463",5,40.8836323,-73.8963710450596
21128,"159 EAST HOUSTON STREET, MANHATTAN NY 10002",5,40.7228611,-73.9890352
509358,"33-44 98th STREET, QUEENS NY 11368",5,40.75580925,-73.8704435703559
810028,"345 50th STREET, BROOKLYN NY 11220",5,40.6472724,-74.0134790061749
148750,"645 40th STREET, BROOKLYN NY 11232",5,40.64878295,-74.000956
394700,"2950 WEST 24th STREET, BROOKLYN NY 11224",5,40.5747751,-73.9911892
131700,"524 5th STREET, BROOKLYN NY 11215",5,40.66840515,-73.9781470092379
60307,"353 CYPRESS AVENUE, BRONX NY 10454",5,40.80864165,-73.9132640975854
162240,"762 60th STREET, BROOKLYN NY 11220",5,40.6359373673469,-74.0104669591837
42802,"461 WEST 159th STREET, MANHATTAN NY 10032",5,40.8335144,-73.9393869
57801,"1265 COLLEGE AVENUE, BRONX NY 10456",5,40.83456455,-73.9125859212843
218352,"902 CATON AVENUE, BROOKLYN NY 11218",5,40.6481928,-73.9711082
808323,"515 FOUNTAIN AVENUE, BROOKLYN NY 11208",5,40.6676389,-73.8718669
269398,"290 EAST 53rd STREET, BROOKLYN NY 11203",5,40.65273805,-73.9278617354553
807415,"8869 20th AVENUE, BROOKLYN NY 11214",5,40.59911845,-74.0035139761395
428406,"144-45 41st AVENUE, QUEENS NY 11355",5,40.7581366,-73.8296003
315890,"422 IRVING AVENUE, BROOKLYN NY 11237",5,40.6965417,-73.9102825
241800,"1493 EAST 10th STREET, BROOKLYN NY 11230",5,40.6127328,-73.9637371460167
67290,"226 EAST 203rd STREET, BRONX NY 10458",5,40.87353265,-73.885529026423
427305,"61-05 39th AVENUE, QUEENS NY 11377",5,40.7472411,-73.9023935
135007,"501 8th STREET, BROOKLYN NY 11215",5,40.6665506,-73.9787893
28352,"41 ST NICHOLAS TERRACE, MANHATTAN NY 10027",5,40.8137237,-73.9513407
370474,"8701 SHORE ROAD, BROOKLYN NY 11209",5,40.62443605,-74.0398169588435
43479,"731 WEST 183rd STREET, MANHATTAN NY 10033",5,40.8520705,-73.9371437
